<?xml version="1.0" encoding="UTF-8"?>
<!DOCTYPE mapper
  PUBLIC "-//mybatis.org//DTD Mapper 3.0//EN"
  "https://mybatis.org/dtd/mybatis-3-mapper.dtd">
<mapper namespace="com.example.demo.repository.ArticleRepository">
	<!-- <update id="modifyArticle"> -->
	<!-- UPDATE article -->
	<!-- <set> -->
	<!-- <if test="title != null and title != ''">title = #{title},</if> -->
	<!-- <if test="body != null and body != ''">`body` = #{body},</if> -->
	<!-- updateDate = NOW() -->
	<!-- </set> -->
	<!-- WHERE id = #{id} -->
	<!-- </update> -->

	<!-- <insert id="writeArticle"> -->
	<!-- INSERT INTO article -->
	<!-- SET regDate = NOW(), -->
	<!-- updateDate = -->
	<!-- NOW(), -->
	<!-- memberId = #{memberId}, -->
	<!-- title = #{title}, -->
	<!-- `body` = #{body} -->
	<!-- </insert> -->

	<!-- <select id="getArticles" resultType="Article"> -->
<!-- 	SELECT A.* , M.nickname AS extra__writer -->
<!-- 	FROM article AS A -->
<!-- 	INNER JOIN `member` AS M -->
<!-- 	ON A.memberId = M.id -->
<!-- 	ORDER BY -->
<!-- 	A.id DESC -->
	<!-- </select> -->

	<!-- <select id="getArticleById" resultType="Article"> -->
	<!-- SELECT A.* , M.nickname AS extra__writer -->
	<!-- FROM article AS A -->
	<!-- INNER JOIN `member` AS M -->
	<!-- ON A.memberId = M.id -->
	<!-- WHERE A.id = #{id} -->
	<!-- </select> -->
</mapper>